text,width,alphabet,font_family,font_size,font_face,symbols_count,is_monospaced
Деньги,42,cyrillic,Arial,9,bold,6,False
-0.09999999999999998,133,cyrillic,Arial,9,bold,20,False
-0.09999999999999998,133,cyrillic,Arial,9,bold+italic,20,False
-9,11,cyrillic,Arial,9,bold+italic,2,False
-825759,46,cyrillic,Arial,9,italic,7,False
Металл назначить ложиться подземный,245,cyrillic,Arial,9,italic,35,False
Гулять военный зима,123,cyrillic,Arial,9,normal,19,False
Дыхание означать горький выбирать,211,cyrillic,Arial,9,normal,33,False
-1.0,25,cyrillic,Arial,11,bold,4,False
-118.26559314039105,145,cyrillic,Arial,11,bold,19,False
Селезнев Эраст Адрианович,218,cyrillic,Arial,11,bold+italic,25,False
Плод,39,cyrillic,Arial,11,bold+italic,4,False
-9,13,cyrillic,Arial,11,italic,2,False
604.2160937068941,132,cyrillic,Arial,11,italic,17,False
-501.91381696850226,145,cyrillic,Arial,11,normal,19,False
825.4445798703953,132,cyrillic,Arial,11,normal,17,False
-830.1840904105998,153,cyrillic,Arial,12,bold,18,False
Жестокий потрясти один,200,cyrillic,Arial,12,bold,22,False
Потом покинуть труп,190,cyrillic,Arial,12,bold+italic,19,False
Металл поставить провинция разводить,348,cyrillic,Arial,12,bold+italic,36,False
734.1627912215804,148,cyrillic,Arial,12,italic,17,False
604.2160937068941,148,cyrillic,Arial,12,italic,17,False
Порода смертельный непривычный полностью,343,cyrillic,Arial,12,normal,40,False
Зиновьев Варфоломей Афанасьевич,276,cyrillic,Arial,12,normal,31,False
516.1517292996355,181,cyrillic,Arial,14,bold,17,False
Применяться коробка жить мрачно,337,cyrillic,Arial,14,bold,31,False
Передо человечек непривычный,319,cyrillic,Arial,14,bold+italic,28,False
-0.09999999999999998,210,cyrillic,Arial,14,bold+italic,20,False
-967849,72,cyrillic,Arial,14,italic,7,False
Плод,47,cyrillic,Arial,14,italic,4,False
Близко,60,cyrillic,Arial,14,normal,6,False
Гулять,58,cyrillic,Arial,14,normal,6,False
-1.0,37,cyrillic,Arial,16,bold,4,False
Селезнев Эраст Адрианович,303,cyrillic,Arial,16,bold,25,False
516.1517292996355,199,cyrillic,Arial,16,bold+italic,17,False
Солнце запеть войти,244,cyrillic,Arial,16,bold+italic,19,False
Важный,79,cyrillic,Arial,16,italic,6,False
Витрина холодно настать тюрьма,366,cyrillic,Arial,16,italic,30,False
Зарплата монета коммунизм тута,325,cyrillic,Arial,16,normal,30,False
255.53617646837938,210,cyrillic,Arial,16,normal,18,False
Козлова Ирина Ефимовна,357,cyrillic,Arial,20,bold,22,False
Мягкий развитый,235,cyrillic,Arial,20,bold,15,False
Карман,100,cyrillic,Arial,20,bold+italic,6,False
Терапия мальчишка,272,cyrillic,Arial,20,bold+italic,17,False
Константинова Алина Робертовна,461,cyrillic,Arial,20,italic,30,False
-873303,99,cyrillic,Arial,20,italic,7,False
Самостоятельно спорт результат,424,cyrillic,Arial,20,normal,30,False
Достоинство скрытый,273,cyrillic,Arial,20,normal,19,False
Жестокий потрясти один,131,cyrillic,Calibri,9,bold,22,False
Механический ход разнообразный,186,cyrillic,Calibri,9,bold,30,False
5,6,cyrillic,Calibri,9,bold+italic,1,False
Порода смертельный непривычный полностью,254,cyrillic,Calibri,9,bold+italic,40,False
8,6,cyrillic,Calibri,9,italic,1,False
Нож,23,cyrillic,Calibri,9,italic,3,False
Ночь,27,cyrillic,Calibri,9,normal,4,False
Рис пятеро порядок провинция,167,cyrillic,Calibri,9,normal,28,False
Жестокий потрясти один,159,cyrillic,Calibri,11,bold,22,False
0,7,cyrillic,Calibri,11,bold,1,False
Наступать,77,cyrillic,Calibri,11,bold+italic,9,False
Металл назначить ложиться подземный,280,cyrillic,Calibri,11,bold+italic,35,False
-492327,48,cyrillic,Calibri,11,italic,7,False
Точно затянуться грудь,160,cyrillic,Calibri,11,italic,22,False
Дыхание означать горький выбирать,235,cyrillic,Calibri,11,normal,33,False
165091,42,cyrillic,Calibri,11,normal,6,False
-2,13,cyrillic,Calibri,12,bold,2,False
Применяться коробка жить мрачно,254,cyrillic,Calibri,12,bold,31,False
0.10000000000000009,148,cyrillic,Calibri,12,bold+italic,19,False
Пространство зарплата выбирать,257,cyrillic,Calibri,12,bold+italic,30,False
9,8,cyrillic,Calibri,12,italic,1,False
567.6647016115012,132,cyrillic,Calibri,12,italic,17,False
Одиннадцать прелесть,160,cyrillic,Calibri,12,normal,20,False
-825759,53,cyrillic,Calibri,12,normal,7,False
Пламя остановить,148,cyrillic,Calibri,14,bold,16,False
Равнодушный увеличиваться,242,cyrillic,Calibri,14,bold,25,False
Новый манера сходить,197,cyrillic,Calibri,14,bold+italic,20,False
Передо человечек непривычный,266,cyrillic,Calibri,14,bold+italic,28,False
Угроза что казнь,144,cyrillic,Calibri,14,italic,16,False
-0.7,32,cyrillic,Calibri,14,italic,4,False
Привлекать,94,cyrillic,Calibri,14,normal,10,False
567.6647016115012,165,cyrillic,Calibri,14,normal,17,False
-1.0,34,cyrillic,Calibri,16,bold,4,False
15.868681407583267,193,cyrillic,Calibri,16,bold,18,False
-0.3999999999999999,199,cyrillic,Calibri,16,bold+italic,19,False
734.1627912215804,182,cyrillic,Calibri,16,bold+italic,17,False
-825759,72,cyrillic,Calibri,16,italic,7,False
Какой покидать поймать ярко,288,cyrillic,Calibri,16,italic,27,False
-489516,72,cyrillic,Calibri,16,normal,7,False
-0.8,33,cyrillic,Calibri,16,normal,4,False
Решение академик,229,cyrillic,Calibri,20,bold,16,False
269.66741210546024,245,cyrillic,Calibri,20,bold,18,False
-825759,92,cyrillic,Calibri,20,bold+italic,7,False
1.0,35,cyrillic,Calibri,20,bold+italic,3,False
0,14,cyrillic,Calibri,20,italic,1,False
-791.8512053734235,239,cyrillic,Calibri,20,italic,18,False
15.868681407583267,245,cyrillic,Calibri,20,normal,18,False
Крутой,80,cyrillic,Calibri,20,normal,6,False
567.6647016115012,153,cyrillic,Courier,9,bold,17,True
Крутой,54,cyrillic,Courier,9,bold,6,True
Стакан успокоиться,168,cyrillic,Courier,9,bold+italic,18,True
Сверкать,78,cyrillic,Courier,9,bold+italic,8,True
5,14,cyrillic,Courier,9,italic,1,True
Нажать,54,cyrillic,Courier,9,italic,6,True
Грустный,64,cyrillic,Courier,9,normal,8,True
Собеседник пятеро,136,cyrillic,Courier,9,normal,17,True
604.2160937068941,153,cyrillic,Courier,11,bold,17,True
Висеть труп,99,cyrillic,Courier,11,bold,11,True
-0.09999999999999998,186,cyrillic,Courier,11,bold+italic,20,True
Пламя остановить,150,cyrillic,Courier,11,bold+italic,16,True
Мелькнуть низкий торговля нервно,262,cyrillic,Courier,11,italic,32,True
Сходить мотоцикл умолять,198,cyrillic,Courier,11,italic,24,True
-0.6,32,cyrillic,Courier,11,normal,4,True
Вперед освободить,136,cyrillic,Courier,11,normal,17,True
Райком набор горький,200,cyrillic,Courier,12,bold,20,True
Козлова Ирина Ефимовна,220,cyrillic,Courier,12,bold,22,True
-89.9921621464423,177,cyrillic,Courier,12,bold+italic,17,True
0.0,37,cyrillic,Courier,12,bold+italic,3,True
Волк сустав потом,160,cyrillic,Courier,12,italic,17,True
Рабочий пасть,124,cyrillic,Courier,12,italic,13,True
165091,54,cyrillic,Courier,12,normal,6,True
255.53617646837938,162,cyrillic,Courier,12,normal,18,True
567.6647016115012,170,cyrillic,Courier,14,bold,17,True
2,10,cyrillic,Courier,14,bold,1,True
9,17,cyrillic,Courier,14,bold+italic,1,True
Штаб зеленый бочок,187,cyrillic,Courier,14,bold+italic,18,True
Витрина холодно настать тюрьма,277,cyrillic,Courier,14,italic,30,True
-710362,70,cyrillic,Courier,14,italic,7,True
-860260,63,cyrillic,Courier,14,normal,7,True
Плод,36,cyrillic,Courier,14,normal,4,True
Парень плод сверкать,260,cyrillic,Courier,16,bold,20,True
-825759,91,cyrillic,Courier,16,bold,7,True
15.868681407583267,243,cyrillic,Courier,16,bold+italic,18,True
Ермолай Игоревич Орлов,295,cyrillic,Courier,16,bold+italic,22,True
Академик степь,177,cyrillic,Courier,16,italic,14,True
Ручей магазин кольцо счастье,345,cyrillic,Courier,16,italic,28,True
Металл поставить провинция разводить,432,cyrillic,Courier,16,normal,36,True
Зиновьев Варфоломей Афанасьевич,372,cyrillic,Courier,16,normal,31,True
-147.30041786892457,304,cyrillic,Courier,20,bold,19,True
Зарплата монета коммунизм тута,480,cyrillic,Courier,20,bold,30,True
Манера да привлекать,332,cyrillic,Courier,20,bold+italic,20,True
Рабочий пасть,220,cyrillic,Courier,20,bold+italic,13,True
0.7000000000000002,282,cyrillic,Courier,20,italic,18,True
Дыхание означать горький выбирать,507,cyrillic,Courier,20,italic,33,True
825.4445798703953,255,cyrillic,Courier,20,normal,17,True
Сынок вряд увеличиваться,360,cyrillic,Courier,20,normal,24,True
Заплакать,55,cyrillic,Garamond,9,bold,9,False
-492327,40,cyrillic,Garamond,9,bold,7,False
Дыхание означать горький выбирать,205,cyrillic,Garamond,9,bold+italic,33,False
Какой покидать поймать ярко,162,cyrillic,Garamond,9,bold+italic,27,False
Солнце запеть войти,94,cyrillic,Garamond,9,italic,19,False
-0.9,19,cyrillic,Garamond,9,italic,4,False
Ломать,36,cyrillic,Garamond,9,normal,6,False
Смелый теория хозяйка парень,156,cyrillic,Garamond,9,normal,28,False
-373.84612873664037,127,cyrillic,Garamond,11,bold,19,False
0.9000000000000001,122,cyrillic,Garamond,11,bold,18,False
Передо человечек непривычный,226,cyrillic,Garamond,11,bold+italic,28,False
-1,13,cyrillic,Garamond,11,bold+italic,2,False
-0.6,22,cyrillic,Garamond,11,italic,4,False
Механический ход разнообразный,177,cyrillic,Garamond,11,italic,30,False
Назначить военный ремень,171,cyrillic,Garamond,11,normal,24,False
Терапия мальчишка,124,cyrillic,Garamond,11,normal,17,False
-147.30041786892457,141,cyrillic,Garamond,12,bold,19,False
Угодный,64,cyrillic,Garamond,12,bold,7,False
0,10,cyrillic,Garamond,12,bold+italic,1,False
567.6647016115012,126,cyrillic,Garamond,12,bold+italic,17,False
-1,12,cyrillic,Garamond,12,italic,2,False
-492327,53,cyrillic,Garamond,12,italic,7,False
0.7000000000000002,140,cyrillic,Garamond,12,normal,18,False
4,8,cyrillic,Garamond,12,normal,1,False
10,17,cyrillic,Garamond,14,bold,2,False
Назначить военный ремень,241,cyrillic,Garamond,14,bold,24,False
Угодный,78,cyrillic,Garamond,14,bold+italic,7,False
Морозова Алевтина Богдановна,276,cyrillic,Garamond,14,bold+italic,28,False
Космос песня,87,cyrillic,Garamond,14,italic,12,False
0.9000000000000001,157,cyrillic,Garamond,14,italic,18,False
Применяться коробка жить мрачно,279,cyrillic,Garamond,14,normal,31,False
Мягкий развитый,137,cyrillic,Garamond,14,normal,15,False
Механический ход разнообразный,330,cyrillic,Garamond,16,bold,30,False
255.53617646837938,173,cyrillic,Garamond,16,bold,18,False
Армейский космос,180,cyrillic,Garamond,16,bold+italic,16,False
-1,18,cyrillic,Garamond,16,bold+italic,2,False
-8,16,cyrillic,Garamond,16,italic,2,False
516.1517292996355,166,cyrillic,Garamond,16,italic,17,False
Карман,66,cyrillic,Garamond,16,normal,6,False
Мягкий развитый,150,cyrillic,Garamond,16,normal,15,False
15.868681407583267,224,cyrillic,Garamond,20,bold,18,False
Белов Мирон Изотович,291,cyrillic,Garamond,20,bold,20,False
Сходить мотоцикл умолять,326,cyrillic,Garamond,20,bold+italic,24,False
0.20000000000000018,243,cyrillic,Garamond,20,bold+italic,19,False
-489516,86,cyrillic,Garamond,20,italic,7,False
Плод девка терапия танцевать,315,cyrillic,Garamond,20,italic,28,False
-1,21,cyrillic,Garamond,20,normal,2,False
Лапа тюрьма соответствие порт,359,cyrillic,Garamond,20,normal,29,False
3,7,cyrillic,Geneva,9,bold,1,False
Зарплата более постоянный,169,cyrillic,Geneva,9,bold,25,False
Применяться коробка жить мрачно,221,cyrillic,Geneva,9,bold+italic,31,False
604.2160937068941,115,cyrillic,Geneva,9,bold+italic,17,False
165091,42,cyrillic,Geneva,9,italic,6,False
Терентьева София Николаевна,187,cyrillic,Geneva,9,italic,27,False
Собеседник пятеро,113,cyrillic,Geneva,9,normal,17,False
Морозова Алевтина Богдановна,182,cyrillic,Geneva,9,normal,28,False
Конструкция крутой присесть,215,cyrillic,Geneva,11,bold,27,False
-0.29999999999999993,153,cyrillic,Geneva,11,bold,20,False
-23210,46,cyrillic,Geneva,11,bold+italic,6,False
Галина Олеговна Александрова,236,cyrillic,Geneva,11,bold+italic,28,False
Мягкий развитый,126,cyrillic,Geneva,11,italic,15,False
-501.91381696850226,146,cyrillic,Geneva,11,italic,19,False
Засунуть хозяйка,119,cyrillic,Geneva,11,normal,16,False
Правление рот человечек мелькнуть,251,cyrillic,Geneva,11,normal,33,False
Угодный,71,cyrillic,Geneva,12,bold,7,False
-967849,59,cyrillic,Geneva,12,bold,7,False
Новый манера сходить,192,cyrillic,Geneva,12,bold+italic,20,False
Опасность серьезный,182,cyrillic,Geneva,12,bold+italic,19,False
Достоинство скрытый,186,cyrillic,Geneva,12,italic,19,False
Наступать,91,cyrillic,Geneva,12,italic,9,False
Потрясти упор угроза прошептать,246,cyrillic,Geneva,12,normal,31,False
Гулять,49,cyrillic,Geneva,12,normal,6,False
Смелый спорт вздрогнуть чем,291,cyrillic,Geneva,14,bold,27,False
15.868681407583267,192,cyrillic,Geneva,14,bold,18,False
Ручей магазин кольцо счастье,306,cyrillic,Geneva,14,bold+italic,28,False
Тесно пересечь,153,cyrillic,Geneva,14,bold+italic,14,False
Головка экзамен,150,cyrillic,Geneva,14,italic,15,False
Константинова Алина Робертовна,332,cyrillic,Geneva,14,italic,30,False
Потрясти упор угроза прошептать,295,cyrillic,Geneva,14,normal,31,False
Ручей магазин кольцо счастье,269,cyrillic,Geneva,14,normal,28,False
Солнце запеть войти,221,cyrillic,Geneva,16,bold,19,False
Передо человечек непривычный,351,cyrillic,Geneva,16,bold,28,False
Равнодушный увеличиваться,329,cyrillic,Geneva,16,bold+italic,25,False
-291901,79,cyrillic,Geneva,16,bold+italic,7,False
Руководитель июнь шлем мелочь,342,cyrillic,Geneva,16,italic,29,False
0.6000000000000001,210,cyrillic,Geneva,16,italic,18,False
Лиловый светило,169,cyrillic,Geneva,16,normal,15,False
-5,19,cyrillic,Geneva,16,normal,2,False
Сынок вряд увеличиваться,379,cyrillic,Geneva,20,bold,24,False
-7,24,cyrillic,Geneva,20,bold,2,False
Второй исполнять четыре рота,468,cyrillic,Geneva,20,bold+italic,28,False
Рабочий пасть,210,cyrillic,Geneva,20,bold+italic,13,False
Стакан успокоиться,273,cyrillic,Geneva,20,italic,18,False
Передо человечек непривычный,415,cyrillic,Geneva,20,italic,28,False
-0.29999999999999993,287,cyrillic,Geneva,20,normal,20,False
-492327,99,cyrillic,Geneva,20,normal,7,False
7,8,cyrillic,Georgia,9,bold,1,False
Крутой,49,cyrillic,Georgia,9,bold,6,False
10,14,cyrillic,Georgia,9,bold+italic,2,False
Опасность серьезный,149,cyrillic,Georgia,9,bold+italic,19,False
0.5,19,cyrillic,Georgia,9,italic,3,False
269.66741210546024,121,cyrillic,Georgia,9,italic,18,False
Единый набор вариант выраженный,224,cyrillic,Georgia,9,normal,31,False
-373.84612873664037,143,cyrillic,Georgia,9,normal,19,False
Дыхание означать горький выбирать,301,cyrillic,Georgia,11,bold,33,False
4,9,cyrillic,Georgia,11,bold,1,False
Козлова Ирина Ефимовна,218,cyrillic,Georgia,11,bold+italic,22,False
Какой покидать поймать ярко,266,cyrillic,Georgia,11,bold+italic,27,False
Засунуть хозяйка,133,cyrillic,Georgia,11,italic,16,False
-710362,54,cyrillic,Georgia,11,italic,7,False
Правление рот человечек мелькнуть,258,cyrillic,Georgia,11,normal,33,False
Терапия мальчишка,142,cyrillic,Georgia,11,normal,17,False
491.43391938774425,173,cyrillic,Georgia,12,bold,18,False
-352.6683461986588,171,cyrillic,Georgia,12,bold,18,False
1,8,cyrillic,Georgia,12,bold+italic,1,False
Самостоятельно изредка,233,cyrillic,Georgia,12,bold+italic,22,False
Угроза что казнь,138,cyrillic,Georgia,12,italic,16,False
Константинова Алина Робертовна,277,cyrillic,Georgia,12,italic,30,False
Смелый теория хозяйка парень,231,cyrillic,Georgia,12,normal,28,False
-6,16,cyrillic,Georgia,12,normal,2,False
Константинова Алина Робертовна,349,cyrillic,Georgia,14,bold,30,False
Уронить упор вскакивать,261,cyrillic,Georgia,14,bold,23,False
Райком набор горький,235,cyrillic,Georgia,14,bold+italic,20,False
Порода смертельный непривычный полностью,509,cyrillic,Georgia,14,bold+italic,40,False
6,11,cyrillic,Georgia,14,italic,1,False
Ягода,55,cyrillic,Georgia,14,italic,5,False
-10,27,cyrillic,Georgia,14,normal,3,False
491.43391938774425,180,cyrillic,Georgia,14,normal,18,False
Конструкция крутой присесть,339,cyrillic,Georgia,16,bold,27,False
Галина Олеговна Александрова,361,cyrillic,Georgia,16,bold,28,False
-2,21,cyrillic,Georgia,16,bold+italic,2,False
Виднеться избегать,242,cyrillic,Georgia,16,bold+italic,18,False
Жестокий потрясти один,267,cyrillic,Georgia,16,italic,22,False
-0.9,39,cyrillic,Georgia,16,italic,4,False
7,11,cyrillic,Georgia,16,normal,1,False
Освобождение тута нажать,268,cyrillic,Georgia,16,normal,24,False
Наслаждение,198,cyrillic,Georgia,20,bold,11,False
Опасность серьезный,315,cyrillic,Georgia,20,bold,19,False
Мягкий развитый,280,cyrillic,Georgia,20,bold+italic,15,False
Пространство зарплата выбирать,551,cyrillic,Georgia,20,bold+italic,30,False
Ермолай Игоревич Орлов,333,cyrillic,Georgia,20,italic,22,False
Заплакать,144,cyrillic,Georgia,20,italic,9,False
Деньги,91,cyrillic,Georgia,20,normal,6,False
Точно затянуться грудь,297,cyrillic,Georgia,20,normal,22,False
Какой покидать поймать ярко,172,cyrillic,Helvetica,9,bold,27,False
Собеседник пятеро,114,cyrillic,Helvetica,9,bold,17,False
Головка экзамен,103,cyrillic,Helvetica,9,bold+italic,15,False
Близко,43,cyrillic,Helvetica,9,bold+italic,6,False
-6,12,cyrillic,Helvetica,9,italic,2,False
Металл поставить провинция разводить,250,cyrillic,Helvetica,9,italic,36,False
-489516,46,cyrillic,Helvetica,9,normal,7,False
-0.19999999999999996,133,cyrillic,Helvetica,9,normal,20,False
Тесно пересечь,120,cyrillic,Helvetica,11,bold,14,False
6,8,cyrillic,Helvetica,11,bold,1,False
Манера да привлекать,171,cyrillic,Helvetica,11,bold+italic,20,False
Самостоятельно спорт результат,279,cyrillic,Helvetica,11,bold+italic,30,False
Деньги,51,cyrillic,Helvetica,11,italic,6,False
-710362,53,cyrillic,Helvetica,11,italic,7,False
Конструкция крутой присесть,203,cyrillic,Helvetica,11,normal,27,False
Нож,27,cyrillic,Helvetica,11,normal,3,False
Ломать,59,cyrillic,Helvetica,12,bold,6,False
Угодный,71,cyrillic,Helvetica,12,bold,7,False
Селезнев Эраст Адрианович,234,cyrillic,Helvetica,12,bold+italic,25,False
-0.7,28,cyrillic,Helvetica,12,bold+italic,4,False
5,10,cyrillic,Helvetica,12,italic,1,False
-59255,51,cyrillic,Helvetica,12,italic,6,False
Команда,64,cyrillic,Helvetica,12,normal,7,False
Парень плод сверкать,164,cyrillic,Helvetica,12,normal,20,False
Смелый теория хозяйка парень,304,cyrillic,Helvetica,14,bold,28,False
165091,66,cyrillic,Helvetica,14,bold,6,False
Применяться коробка жить мрачно,358,cyrillic,Helvetica,14,bold+italic,31,False
-147.30041786892457,199,cyrillic,Helvetica,14,bold+italic,19,False
Галина Олеговна Александрова,291,cyrillic,Helvetica,14,italic,28,False
6,12,cyrillic,Helvetica,14,italic,1,False
Уронить упор вскакивать,218,cyrillic,Helvetica,14,normal,23,False
Нож,38,cyrillic,Helvetica,14,normal,3,False
Деньги,75,cyrillic,Helvetica,16,bold,6,False
Сверкать,98,cyrillic,Helvetica,16,bold,8,False
Пересечь намерение,222,cyrillic,Helvetica,16,bold+italic,18,False
Козлова Ирина Ефимовна,279,cyrillic,Helvetica,16,bold+italic,22,False
Назначить военный ремень,283,cyrillic,Helvetica,16,italic,24,False
Хлеб покидать исполнять славный,362,cyrillic,Helvetica,16,italic,31,False
567.6647016115012,198,cyrillic,Helvetica,16,normal,17,False
Опасность серьезный,214,cyrillic,Helvetica,16,normal,19,False
Галина Олеговна Александрова,434,cyrillic,Helvetica,20,bold,28,False
Ручей магазин кольцо счастье,417,cyrillic,Helvetica,20,bold,28,False
0.40000000000000013,279,cyrillic,Helvetica,20,bold+italic,19,False
567.6647016115012,249,cyrillic,Helvetica,20,bold+italic,17,False
-291901,99,cyrillic,Helvetica,20,italic,7,False
Рабочий пасть,195,cyrillic,Helvetica,20,italic,13,False
Господь,104,cyrillic,Helvetica,20,normal,7,False
Плод лететь,157,cyrillic,Helvetica,20,normal,11,False
Плод,32,cyrillic,Lucida Console,9,bold,4,True
-914.2691032954722,144,cyrillic,Lucida Console,9,bold,18,True
604.2160937068941,137,cyrillic,Lucida Console,9,bold+italic,17,True
0.10000000000000009,155,cyrillic,Lucida Console,9,bold+italic,19,True
Армейский космос,114,cyrillic,Lucida Console,9,italic,16,True
Карман,44,cyrillic,Lucida Console,9,italic,6,True
-1,14,cyrillic,Lucida Console,9,normal,2,True
Наслаждение,77,cyrillic,Lucida Console,9,normal,11,True
Константинова Алина Робертовна,300,cyrillic,Lucida Console,11,bold,30,True
1,10,cyrillic,Lucida Console,11,bold,1,True
Механический ход разнообразный,303,cyrillic,Lucida Console,11,bold+italic,30,True
Константинова Алина Робертовна,302,cyrillic,Lucida Console,11,bold+italic,30,True
-352.6683461986588,164,cyrillic,Lucida Console,11,italic,18,True
604.2160937068941,154,cyrillic,Lucida Console,11,italic,17,True
0,9,cyrillic,Lucida Console,11,normal,1,True
-860260,63,cyrillic,Lucida Console,11,normal,7,True
-171556,77,cyrillic,Lucida Console,12,bold,7,True
Опасность серьезный,209,cyrillic,Lucida Console,12,bold,19,True
Волк сустав потом,190,cyrillic,Lucida Console,12,bold+italic,17,True
-825759,80,cyrillic,Lucida Console,12,bold+italic,7,True
-0.8,42,cyrillic,Lucida Console,12,italic,4,True
Потом покинуть труп,192,cyrillic,Lucida Console,12,italic,19,True
-0.29999999999999993,200,cyrillic,Lucida Console,12,normal,20,True
704611,60,cyrillic,Lucida Console,12,normal,6,True
Грустный,96,cyrillic,Lucida Console,14,bold,8,True
-0.6,48,cyrillic,Lucida Console,14,bold,4,True
0.20000000000000018,231,cyrillic,Lucida Console,14,bold+italic,19,True
Армейский космос,194,cyrillic,Lucida Console,14,bold+italic,16,True
-59255,68,cyrillic,Lucida Console,14,italic,6,True
-1.0,47,cyrillic,Lucida Console,14,italic,4,True
Ночь,44,cyrillic,Lucida Console,14,normal,4,True
Металл поставить провинция разводить,396,cyrillic,Lucida Console,14,normal,36,True
Нажать,84,cyrillic,Lucida Console,16,bold,6,True
Угодный,98,cyrillic,Lucida Console,16,bold,7,True
-873303,101,cyrillic,Lucida Console,16,bold+italic,7,True
-828752,101,cyrillic,Lucida Console,16,bold+italic,7,True
Ермолай Игоревич Орлов,288,cyrillic,Lucida Console,16,italic,22,True
Зарплата монета коммунизм тута,391,cyrillic,Lucida Console,16,italic,30,True
-492327,91,cyrillic,Lucida Console,16,normal,7,True
Конструкция крутой присесть,351,cyrillic,Lucida Console,16,normal,27,True
Сходить мотоцикл умолять,408,cyrillic,Lucida Console,20,bold,24,True
-860260,119,cyrillic,Lucida Console,20,bold,7,True
Галина Олеговна Александрова,478,cyrillic,Lucida Console,20,bold+italic,28,True
0.7000000000000002,310,cyrillic,Lucida Console,20,bold+italic,18,True
Потрясти упор угроза прошептать,497,cyrillic,Lucida Console,20,italic,31,True
-10,52,cyrillic,Lucida Console,20,italic,3,True
-0.19999999999999996,320,cyrillic,Lucida Console,20,normal,20,True
704611,96,cyrillic,Lucida Console,20,normal,6,True
6,7,cyrillic,Lucida Grande,9,bold,1,False
Привлекать,70,cyrillic,Lucida Grande,9,bold,10,False
О каюта,54,cyrillic,Lucida Grande,9,bold+italic,7,False
Грустный,64,cyrillic,Lucida Grande,9,bold+italic,8,False
255.53617646837938,123,cyrillic,Lucida Grande,9,italic,18,False
-860260,47,cyrillic,Lucida Grande,9,italic,7,False
269.66741210546024,122,cyrillic,Lucida Grande,9,normal,18,False
7,7,cyrillic,Lucida Grande,9,normal,1,False
-710362,53,cyrillic,Lucida Grande,11,bold,7,False
Ночь,38,cyrillic,Lucida Grande,11,bold,4,False
-825759,54,cyrillic,Lucida Grande,11,bold+italic,7,False
Смелый спорт вздрогнуть чем,240,cyrillic,Lucida Grande,11,bold+italic,27,False
-967849,53,cyrillic,Lucida Grande,11,italic,7,False
255.53617646837938,141,cyrillic,Lucida Grande,11,italic,18,False
Освобождение тута нажать,188,cyrillic,Lucida Grande,11,normal,24,False
-118.26559314039105,145,cyrillic,Lucida Grande,11,normal,19,False
Смелый теория хозяйка парень,255,cyrillic,Lucida Grande,12,bold,28,False
Устройство изменение рот передо,278,cyrillic,Lucida Grande,12,bold,31,False
Наткнуться прощение,189,cyrillic,Lucida Grande,12,bold+italic,19,False
Угодный,74,cyrillic,Lucida Grande,12,bold+italic,7,False
734.1627912215804,148,cyrillic,Lucida Grande,12,italic,17,False
-373.84612873664037,163,cyrillic,Lucida Grande,12,italic,19,False
-0.3999999999999999,162,cyrillic,Lucida Grande,12,normal,19,False
Передо человечек непривычный,239,cyrillic,Lucida Grande,12,normal,28,False
-967849,72,cyrillic,Lucida Grande,14,bold,7,False
Наткнуться прощение,209,cyrillic,Lucida Grande,14,bold,19,False
0.40000000000000013,203,cyrillic,Lucida Grande,14,bold+italic,19,False
Зарплата монета коммунизм тута,359,cyrillic,Lucida Grande,14,bold+italic,30,False
Сходить мотоцикл умолять,270,cyrillic,Lucida Grande,14,italic,24,False
Дыхание означать горький выбирать,353,cyrillic,Lucida Grande,14,italic,33,False
Засунуть хозяйка,150,cyrillic,Lucida Grande,14,normal,16,False
-1.0,33,cyrillic,Lucida Grande,14,normal,4,False
Академик степь,167,cyrillic,Lucida Grande,16,bold,14,False
-828752,79,cyrillic,Lucida Grande,16,bold,7,False
Наступать,128,cyrillic,Lucida Grande,16,bold+italic,9,False
Ночь,52,cyrillic,Lucida Grande,16,bold+italic,4,False
Смелый спорт вздрогнуть чем,317,cyrillic,Lucida Grande,16,italic,27,False
Селезнев Эраст Адрианович,295,cyrillic,Lucida Grande,16,italic,25,False
187303,72,cyrillic,Lucida Grande,16,normal,6,False
Научить,80,cyrillic,Lucida Grande,16,normal,7,False
Деньги,95,cyrillic,Lucida Grande,20,bold,6,False
15.868681407583267,263,cyrillic,Lucida Grande,20,bold,18,False
Гулять военный зима,305,cyrillic,Lucida Grande,20,bold+italic,19,False
Механический ход разнообразный,467,cyrillic,Lucida Grande,20,bold+italic,30,False
Лиловый светило,232,cyrillic,Lucida Grande,20,italic,15,False
825.4445798703953,248,cyrillic,Lucida Grande,20,italic,17,False
-710362,99,cyrillic,Lucida Grande,20,normal,7,False
0.6000000000000001,263,cyrillic,Lucida Grande,20,normal,18,False
-825759,46,cyrillic,Rockwell,9,bold,7,False
Привлекать,90,cyrillic,Rockwell,9,bold,10,False
604.2160937068941,116,cyrillic,Rockwell,9,bold+italic,17,False
Плод девка терапия танцевать,309,cyrillic,Rockwell,9,bold+italic,28,False
Константинова Алина Робертовна,258,cyrillic,Rockwell,9,italic,30,False
Жестокий потрясти один,186,cyrillic,Rockwell,9,italic,22,False
-489516,46,cyrillic,Rockwell,9,normal,7,False
0.30000000000000004,130,cyrillic,Rockwell,9,normal,19,False
Какой покидать поймать ярко,276,cyrillic,Rockwell,11,bold,27,False
Потрясти упор угроза прошептать,320,cyrillic,Rockwell,11,bold,31,False
Ермолай Игоревич Орлов,308,cyrillic,Rockwell,11,bold+italic,22,False
7,9,cyrillic,Rockwell,11,bold+italic,1,False
6,8,cyrillic,Rockwell,11,italic,1,False
Важный,66,cyrillic,Rockwell,11,italic,6,False
Угодный,77,cyrillic,Rockwell,11,normal,7,False
-828752,53,cyrillic,Rockwell,11,normal,7,False
Манера да привлекать,224,cyrillic,Rockwell,12,bold,20,False
0.8,24,cyrillic,Rockwell,12,bold,3,False
516.1517292996355,150,cyrillic,Rockwell,12,bold+italic,17,False
-8,16,cyrillic,Rockwell,12,bold+italic,2,False
Ломать,72,cyrillic,Rockwell,12,italic,6,False
Райком набор горький,224,cyrillic,Rockwell,12,italic,20,False
Близко,72,cyrillic,Rockwell,12,normal,6,False
Ягода,60,cyrillic,Rockwell,12,normal,5,False
-8,17,cyrillic,Rockwell,14,bold,2,False
Лапа тюрьма соответствие порт,379,cyrillic,Rockwell,14,bold,29,False
-415779,68,cyrillic,Rockwell,14,bold+italic,7,False
Ягода,95,cyrillic,Rockwell,14,bold+italic,5,False
-0.29999999999999993,192,cyrillic,Rockwell,14,italic,20,False
Белов Мирон Изотович,262,cyrillic,Rockwell,14,italic,20,False
Уронить упор вскакивать,304,cyrillic,Rockwell,14,normal,23,False
Равнодушный увеличиваться,341,cyrillic,Rockwell,14,normal,25,False
Плод,64,cyrillic,Rockwell,16,bold,4,False
Стакан успокоиться,277,cyrillic,Rockwell,16,bold,18,False
-415779,74,cyrillic,Rockwell,16,bold+italic,7,False
Вперед освободить,341,cyrillic,Rockwell,16,bold+italic,17,False
15.868681407583267,194,cyrillic,Rockwell,16,italic,18,False
-6,20,cyrillic,Rockwell,16,italic,2,False
3,11,cyrillic,Rockwell,16,normal,1,False
1.0,28,cyrillic,Rockwell,16,normal,3,False
0.0,40,cyrillic,Rockwell,20,bold,3,False
Дыхание означать горький выбирать,621,cyrillic,Rockwell,20,bold,33,False
-1.0,49,cyrillic,Rockwell,20,bold+italic,4,False
Сынок вряд увеличиваться,608,cyrillic,Rockwell,20,bold+italic,24,False
15.868681407583267,247,cyrillic,Rockwell,20,italic,18,False
Галина Олеговна Александрова,534,cyrillic,Rockwell,20,italic,28,False
Нажать,120,cyrillic,Rockwell,20,normal,6,False
Смелый спорт вздрогнуть чем,501,cyrillic,Rockwell,20,normal,27,False
-489516,40,cyrillic,Times New Roman,9,bold,7,False
Применяться коробка жить мрачно,196,cyrillic,Times New Roman,9,bold,31,False
Плод лететь,70,cyrillic,Times New Roman,9,bold+italic,11,False
10,12,cyrillic,Times New Roman,9,bold+italic,2,False
Терапия мальчишка,103,cyrillic,Times New Roman,9,italic,17,False
-0.6,20,cyrillic,Times New Roman,9,italic,4,False
Засунуть хозяйка,89,cyrillic,Times New Roman,9,normal,16,False
Команда,43,cyrillic,Times New Roman,9,normal,7,False
-710362,53,cyrillic,Times New Roman,11,bold,7,False
0.10000000000000009,148,cyrillic,Times New Roman,11,bold,19,False
Лиловый светило,119,cyrillic,Times New Roman,11,bold+italic,15,False
Гулять,52,cyrillic,Times New Roman,11,bold+italic,6,False
Самостоятельно спорт результат,234,cyrillic,Times New Roman,11,italic,30,False
Нож,34,cyrillic,Times New Roman,11,italic,3,False
Мелькнуть низкий торговля нервно,219,cyrillic,Times New Roman,11,normal,32,False
Потрясти упор угроза прошептать,214,cyrillic,Times New Roman,11,normal,31,False
Опасность серьезный,156,cyrillic,Times New Roman,12,bold,19,False
Райком набор горький,161,cyrillic,Times New Roman,12,bold,20,False
1.0,20,cyrillic,Times New Roman,12,bold+italic,3,False
-352.6683461986588,137,cyrillic,Times New Roman,12,bold+italic,18,False
567.6647016115012,132,cyrillic,Times New Roman,12,italic,17,False
Угодный,60,cyrillic,Times New Roman,12,italic,7,False
Рабочий пасть,99,cyrillic,Times New Roman,12,normal,13,False
Ночь,34,cyrillic,Times New Roman,12,normal,4,False
-9,16,cyrillic,Times New Roman,14,bold,2,False
-23210,56,cyrillic,Times New Roman,14,bold,6,False
-492327,68,cyrillic,Times New Roman,14,bold+italic,7,False
-489516,67,cyrillic,Times New Roman,14,bold+italic,7,False
Правление рот человечек мелькнуть,296,cyrillic,Times New Roman,14,italic,33,False
Заплакать,89,cyrillic,Times New Roman,14,italic,9,False
-2,15,cyrillic,Times New Roman,14,normal,2,False
Ягода,49,cyrillic,Times New Roman,14,normal,5,False
Вперед освободить,182,cyrillic,Times New Roman,16,bold,17,False
Грустный,93,cyrillic,Times New Roman,16,bold,8,False
Пересечь намерение,189,cyrillic,Times New Roman,16,bold+italic,18,False
Плод девка терапия танцевать,301,cyrillic,Times New Roman,16,bold+italic,28,False
-7,19,cyrillic,Times New Roman,16,italic,2,False
Плод лететь,119,cyrillic,Times New Roman,16,italic,11,False
734.1627912215804,181,cyrillic,Times New Roman,16,normal,17,False
Механический ход разнообразный,305,cyrillic,Times New Roman,16,normal,30,False
О каюта,105,cyrillic,Times New Roman,20,bold,7,False
Угодный,113,cyrillic,Times New Roman,20,bold,7,False
Сходить мотоцикл умолять,353,cyrillic,Times New Roman,20,bold+italic,24,False
-0.7,46,cyrillic,Times New Roman,20,bold+italic,4,False
Гулять,85,cyrillic,Times New Roman,20,italic,6,False
Жидкий самостоятельно,302,cyrillic,Times New Roman,20,italic,21,False
-489516,93,cyrillic,Times New Roman,20,normal,7,False
Сафонов Клавдий Абрамович,343,cyrillic,Times New Roman,20,normal,25,False
Пламя остановить,124,cyrillic,Verdana,9,bold,16,False
Самостоятельно спорт результат,225,cyrillic,Verdana,9,bold,30,False
Хлеб покидать исполнять славный,248,cyrillic,Verdana,9,bold+italic,31,False
-40724,52,cyrillic,Verdana,9,bold+italic,6,False
Плод лететь,79,cyrillic,Verdana,9,italic,11,False
Одиннадцать прелесть,147,cyrillic,Verdana,9,italic,20,False
-210.33610163976448,145,cyrillic,Verdana,9,normal,19,False
0.9000000000000001,140,cyrillic,Verdana,9,normal,18,False
Селезнев Эраст Адрианович,239,cyrillic,Verdana,11,bold,25,False
Волк сустав потом,157,cyrillic,Verdana,11,bold,17,False
Тесно пересечь,134,cyrillic,Verdana,11,bold+italic,14,False
-1.0,35,cyrillic,Verdana,11,bold+italic,4,False
Одиннадцать прелесть,175,cyrillic,Verdana,11,italic,20,False
Механический ход разнообразный,268,cyrillic,Verdana,11,italic,30,False
Лиловый светило,135,cyrillic,Verdana,11,normal,15,False
-0.8,32,cyrillic,Verdana,11,normal,4,False
Лиловый светило,158,cyrillic,Verdana,12,bold,15,False
Команда,79,cyrillic,Verdana,12,bold,7,False
Угроза что казнь,156,cyrillic,Verdana,12,bold+italic,16,False
Плод девка терапия танцевать,283,cyrillic,Verdana,12,bold+italic,28,False
Наступать,83,cyrillic,Verdana,12,italic,9,False
Сходить мотоцикл умолять,222,cyrillic,Verdana,12,italic,24,False
Пламя остановить,151,cyrillic,Verdana,12,normal,16,False
Деньги,59,cyrillic,Verdana,12,normal,6,False
Коммунизм подземный,260,cyrillic,Verdana,14,bold,19,False
Ночь,54,cyrillic,Verdana,14,bold,4,False
Солнце запеть войти,233,cyrillic,Verdana,14,bold+italic,19,False
Металл назначить ложиться подземный,449,cyrillic,Verdana,14,bold+italic,35,False
-825759,81,cyrillic,Verdana,14,italic,7,False
Константинова Алина Робертовна,333,cyrillic,Verdana,14,italic,30,False
Уронить упор вскакивать,249,cyrillic,Verdana,14,normal,23,False
-830.1840904105998,208,cyrillic,Verdana,14,normal,18,False
3,15,cyrillic,Verdana,16,bold,1,False
Солнце запеть войти,251,cyrillic,Verdana,16,bold,19,False
Ермолай Игоревич Орлов,309,cyrillic,Verdana,16,bold+italic,22,False
-118.26559314039105,274,cyrillic,Verdana,16,bold+italic,19,False
874.474714976795,204,cyrillic,Verdana,16,italic,16,False
7,14,cyrillic,Verdana,16,italic,1,False
Функция кидать помимо сбросить,366,cyrillic,Verdana,16,normal,30,False
-825759,88,cyrillic,Verdana,16,normal,7,False
-914.2691032954722,327,cyrillic,Verdana,20,bold,18,False
Жестокий потрясти один,385,cyrillic,Verdana,20,bold,22,False
-23210,108,cyrillic,Verdana,20,bold+italic,6,False
7,20,cyrillic,Verdana,20,bold+italic,1,False
Привлекать,163,cyrillic,Verdana,20,italic,10,False
Пламя остановить,251,cyrillic,Verdana,20,italic,16,False
Хлеб покидать исполнять славный,486,cyrillic,Verdana,20,normal,31,False
Равнодушный увеличиваться,408,cyrillic,Verdana,20,normal,25,False
Après déclarer,85,latin,Arial,9,bold,14,False
Beat,26,latin,Arial,9,bold,4,False
A quo,34,latin,Arial,9,bold+italic,5,False
-4,12,latin,Arial,9,bold+italic,2,False
Denis-Franck Ledoux,119,latin,Arial,9,italic,19,False
1.0,18,latin,Arial,9,italic,3,False
112.791430,66,latin,Arial,9,normal,10,False
yintercept,52,latin,Arial,9,normal,10,False
Occasion rien,98,latin,Arial,11,bold,13,False
Enfoncer distance cri,151,latin,Arial,11,bold,21,False
2,9,latin,Arial,11,bold+italic,1,False
Save article finish anyone,179,latin,Arial,11,bold+italic,26,False
0.7000000000000002,140,latin,Arial,11,italic,18,False
200072,48,latin,Arial,11,italic,6,False
-451611,53,latin,Arial,11,normal,7,False
Nulla similique,93,latin,Arial,11,normal,15,False
Daniel Wagner,111,latin,Arial,12,bold,13,False
Stage federal,100,latin,Arial,12,bold,13,False
slope,41,latin,Arial,12,bold+italic,5,False
-0.6,27,latin,Arial,12,bold+italic,4,False
Eaque autem ipsa,130,latin,Arial,12,italic,16,False
-0.8,28,latin,Arial,12,italic,4,False
3,9,latin,Arial,12,normal,1,False
764398,54,latin,Arial,12,normal,6,False
Autrefois croire,144,latin,Arial,14,bold,16,False
Sorte diriger lèvre,167,latin,Arial,14,bold,19,False
Absolu rejoindre,158,latin,Arial,14,bold+italic,16,False
520169,66,latin,Arial,14,bold+italic,6,False
Vêtement naître médecin quitter,280,latin,Arial,14,italic,31,False
-846.6746000071055,188,latin,Arial,14,italic,18,False
791821,66,latin,Arial,14,normal,6,False
515679,66,latin,Arial,14,normal,6,False
Meet surface attention attack,293,latin,Arial,16,bold,29,False
Égal passage oiseau,209,latin,Arial,16,bold,19,False
-4,20,latin,Arial,16,bold+italic,2,False
-886.2301266976964,206,latin,Arial,16,bold+italic,18,False
Bas jour autant,145,latin,Arial,16,italic,15,False
Et sed quaerat,140,latin,Arial,16,italic,14,False
0.20000000000000018,222,latin,Arial,16,normal,19,False
Aurore Maury-Briand,193,latin,Arial,16,normal,19,False
Albano Llopis Hierro,273,latin,Arial,20,bold,20,False
Aperiam illum molestiae impedit,430,latin,Arial,20,bold,31,False
981.4433695156001,248,latin,Arial,20,bold+italic,17,False
921.0524504113346,249,latin,Arial,20,bold+italic,17,False
-773.0725977600592,258,latin,Arial,20,italic,18,False
Présent,95,latin,Arial,20,italic,7,False
Enim aspernatur,199,latin,Arial,20,normal,15,False
Facilis fuga,138,latin,Arial,20,normal,12,False
Figure voyager malgré,112,latin,Calibri,9,bold,21,False
Odit id voluptatem,93,latin,Calibri,9,bold,18,False
-154436,41,latin,Calibri,9,bold+italic,7,False
Odio ea,38,latin,Calibri,9,bold+italic,7,False
0.10000000000000009,111,latin,Calibri,9,italic,19,False
0.20000000000000018,111,latin,Calibri,9,italic,19,False
Sang,26,latin,Calibri,9,normal,4,False
Recent manager during prevent,170,latin,Calibri,9,normal,29,False
-0.3999999999999999,128,latin,Calibri,11,bold,19,False
Enim earum eum molestiae,170,latin,Calibri,11,bold,24,False
-0.6,24,latin,Calibri,11,bold+italic,4,False
Asperiores sunt,97,latin,Calibri,11,bold+italic,15,False
Aperiam illum molestiae impedit,197,latin,Calibri,11,italic,31,False
Quisquam,63,latin,Calibri,11,italic,8,False
Tempora doloribus nisi nulla,176,latin,Calibri,11,normal,28,False
Quas cum,60,latin,Calibri,11,normal,8,False
Assez neuf lier seulement,172,latin,Calibri,12,bold,25,False
Response data,99,latin,Calibri,12,bold,13,False
Suffer begin,79,latin,Calibri,12,bold+italic,12,False
Herself law,76,latin,Calibri,12,bold+italic,11,False
-60.1147925,81,latin,Calibri,12,italic,11,False
Gina Moore,77,latin,Calibri,12,italic,10,False
185361,48,latin,Calibri,12,normal,6,False
Voluptates nisi veniam tempora,206,latin,Calibri,12,normal,30,False
404946,60,latin,Calibri,14,bold,6,False
Reculer,61,latin,Calibri,14,bold,7,False
Souhaiter souffrance,164,latin,Calibri,14,bold+italic,20,False
Laurence Robert,129,latin,Calibri,14,bold+italic,15,False
Corrupti quis molestiae,177,latin,Calibri,14,italic,23,False
-798021,66,latin,Calibri,14,italic,7,False
404946,60,latin,Calibri,14,normal,6,False
Error odit non,108,latin,Calibri,14,normal,14,False
Donc odeur,100,latin,Calibri,16,bold,10,False
Quas modi,92,latin,Calibri,16,bold,9,False
Mener à dur gris,142,latin,Calibri,16,bold+italic,16,False
Voluptas similique accusamus,258,latin,Calibri,16,bold+italic,28,False
shape,51,latin,Calibri,16,italic,5,False
Alexandre Traore,148,latin,Calibri,16,italic,16,False
Quae,45,latin,Calibri,16,normal,4,False
Nam quaerat culpa error,210,latin,Calibri,16,normal,23,False
Quo autem incidunt debitis,304,latin,Calibri,20,bold,26,False
Nisi,43,latin,Calibri,20,bold,4,False
Distinctio eaque,180,latin,Calibri,20,bold+italic,16,False
Nostrum voluptates,222,latin,Calibri,20,bold+italic,18,False
Larissa Domingues-Melo,270,latin,Calibri,20,italic,22,False
Protéger mari,152,latin,Calibri,20,italic,13,False
Eaque odit beatae,197,latin,Calibri,20,normal,17,False
Buenaventura de Bonet,257,latin,Calibri,20,normal,21,False
-747418,63,latin,Courier,9,bold,7,True
Exercitationem,126,latin,Courier,9,bold,14,True
Democratic,96,latin,Courier,9,bold+italic,10,True
Soluta,60,latin,Courier,9,bold+italic,6,True
Neque provident,126,latin,Courier,9,italic,15,True
Fábio Domingues-Brito,174,latin,Courier,9,italic,21,True
Façon fatigue,104,latin,Courier,9,normal,13,True
-3,16,latin,Courier,9,normal,2,True
Passer fortune visible,198,latin,Courier,11,bold,22,True
Arturo Pinto Caballero,198,latin,Courier,11,bold,22,True
-790.4077912602605,168,latin,Courier,11,bold+italic,18,True
-0.9,42,latin,Courier,11,bold+italic,4,True
Relationship,102,latin,Courier,11,italic,12,True
Consectetur,94,latin,Courier,11,italic,11,True
0.7000000000000002,144,latin,Courier,11,normal,18,True
Laborum distinctio id animi,216,latin,Courier,11,normal,27,True
981.4433695156001,170,latin,Courier,12,bold,17,True
Catch,50,latin,Courier,12,bold,5,True
Rerum provident,157,latin,Courier,12,bold+italic,15,True
2,17,latin,Courier,12,bold+italic,1,True
Us soon ten,106,latin,Courier,12,italic,11,True
Nulla similique,142,latin,Courier,12,italic,15,True
Asperiores distinctio,189,latin,Courier,12,normal,21,True
Ducimus provident a,171,latin,Courier,12,normal,19,True
2020-06-18,100,latin,Courier,14,bold,10,True
Noir,40,latin,Courier,14,bold,4,True
Wait,47,latin,Courier,14,bold+italic,4,True
0.9000000000000001,187,latin,Courier,14,bold+italic,18,True
939.8197043239886,160,latin,Courier,14,italic,17,True
0.40000000000000013,178,latin,Courier,14,italic,19,True
-518.8207600693024,162,latin,Courier,14,normal,18,True
Molestias dolore,144,latin,Courier,14,normal,16,True
-0.5,52,latin,Courier,16,bold,4,True
Shake bill,130,latin,Courier,16,bold,10,True
Mener à dur gris,217,latin,Courier,16,bold+italic,16,True
-0.6,61,latin,Courier,16,bold+italic,4,True
Authority leader,201,latin,Courier,16,italic,16,True
Inviter service autre garde,333,latin,Courier,16,italic,27,True
Íris Freitas,144,latin,Courier,16,normal,12,True
Quas modi,108,latin,Courier,16,normal,9,True
-769.890867220442,272,latin,Courier,20,bold,17,True
-575.3217786434477,288,latin,Courier,20,bold,18,True
0.30000000000000004,316,latin,Courier,20,bold+italic,19,True
Accompagner riche,284,latin,Courier,20,bold+italic,17,True
Fuga culpa,162,latin,Courier,20,italic,10,True
Sit,57,latin,Courier,20,italic,3,True
404946,90,latin,Courier,20,normal,6,True
Culpa vero aspernatur delectus,450,latin,Courier,20,normal,30,True
114314,33,latin,Garamond,9,bold,6,False
Dolore repellendus itaque,140,latin,Garamond,9,bold,25,False
Incidunt ab,64,latin,Garamond,9,bold+italic,11,False
Que plan facile,83,latin,Garamond,9,bold+italic,15,False
Nisi,21,latin,Garamond,9,italic,4,False
Odio eaque,47,latin,Garamond,9,italic,10,False
-0.19999999999999996,115,latin,Garamond,9,normal,20,False
Neque provident,80,latin,Garamond,9,normal,15,False
y,7,latin,Garamond,11,bold,1,False
948844,42,latin,Garamond,11,bold,6,False
-5,14,latin,Garamond,11,bold+italic,2,False
Election,55,latin,Garamond,11,bold+italic,8,False
Semblable,50,latin,Garamond,11,italic,9,False
Enim aspernatur,86,latin,Garamond,11,italic,15,False
Commodi,61,latin,Garamond,11,normal,7,False
Nostrum quaerat magnam rerum,191,latin,Garamond,11,normal,28,False
Dicta est voluptatum officiis,191,latin,Garamond,12,bold,29,False
-1.0,23,latin,Garamond,12,bold,4,False
Occasion rien,97,latin,Garamond,12,bold+italic,13,False
-345.72188837772046,146,latin,Garamond,12,bold+italic,19,False
Soi vers douter,83,latin,Garamond,12,italic,15,False
Nobis rem,61,latin,Garamond,12,italic,9,False
811967,48,latin,Garamond,12,normal,6,False
Aperiam illum molestiae impedit,206,latin,Garamond,12,normal,31,False
Victime conclure vent,179,latin,Garamond,14,bold,21,False
-471768,59,latin,Garamond,14,bold,7,False
-4,18,latin,Garamond,14,bold+italic,2,False
0.40000000000000013,169,latin,Garamond,14,bold+italic,19,False
Excepturi nihil dolorem dolore,197,latin,Garamond,14,italic,30,False
Quis quisquam consectetur,174,latin,Garamond,14,italic,25,False
-0.09999999999999998,172,latin,Garamond,14,normal,20,False
489.2809633590357,148,latin,Garamond,14,normal,17,False
Présent,68,latin,Garamond,16,bold,7,False
-0.29999999999999993,192,latin,Garamond,16,bold,20,False
-570700,70,latin,Garamond,16,bold+italic,7,False
All,29,latin,Garamond,16,bold+italic,3,False
Plant enough,92,latin,Garamond,16,italic,12,False
6,11,latin,Garamond,16,italic,1,False
Phone,54,latin,Garamond,16,normal,5,False
Live try most arm,146,latin,Garamond,16,normal,17,False
Dicta est voluptatum officiis,324,latin,Garamond,20,bold,29,False
81843,63,latin,Garamond,20,bold,5,False
Île goût vaincre voyage,269,latin,Garamond,20,bold+italic,23,False
Lot,43,latin,Garamond,20,bold+italic,3,False
Voluptate fugiat,154,latin,Garamond,20,italic,16,False
669.6842973312989,215,latin,Garamond,20,italic,17,False
8,13,latin,Garamond,20,normal,1,False
811967,78,latin,Garamond,20,normal,6,False
Occasion rien,79,latin,Geneva,9,bold,13,False
alpha,31,latin,Geneva,9,bold,5,False
Odio ea,43,latin,Geneva,9,bold+italic,7,False
Worry,37,latin,Geneva,9,bold+italic,5,False
-6,12,latin,Geneva,9,italic,2,False
Sed,23,latin,Geneva,9,italic,3,False
Et sed quaerat,80,latin,Geneva,9,normal,14,False
Asperiores distinctio,112,latin,Geneva,9,normal,21,False
0,8,latin,Geneva,11,bold,1,False
Talk term,66,latin,Geneva,11,bold,9,False
-290119,54,latin,Geneva,11,bold+italic,7,False
Quod minus a,99,latin,Geneva,11,bold+italic,12,False
0.40000000000000013,148,latin,Geneva,11,italic,19,False
6,9,latin,Geneva,11,italic,1,False
-11790,45,latin,Geneva,11,normal,6,False
0.30000000000000004,148,latin,Geneva,11,normal,19,False
2,9,latin,Geneva,12,bold,1,False
Douleur partir,105,latin,Geneva,12,bold,14,False
Top somebody college be,193,latin,Geneva,12,bold+italic,23,False
Aperiam illum molestiae impedit,239,latin,Geneva,12,bold+italic,31,False
Nobis rem,74,latin,Geneva,12,italic,9,False
Enfant sept problème,152,latin,Geneva,12,italic,20,False
Odio eaque,82,latin,Geneva,12,normal,10,False
Dieu désespoir pas réfléchir,196,latin,Geneva,12,normal,28,False
0.20000000000000018,203,latin,Geneva,14,bold,19,False
-6,17,latin,Geneva,14,bold,2,False
Victime conclure vent,206,latin,Geneva,14,bold+italic,21,False
-290119,72,latin,Geneva,14,bold+italic,7,False
2,11,latin,Geneva,14,italic,1,False
violinwidth,93,latin,Geneva,14,italic,11,False
-212.44089782349727,198,latin,Geneva,14,normal,19,False
1.0,27,latin,Geneva,14,normal,3,False
-886.2301266976964,205,latin,Geneva,16,bold,18,False
Consequuntur,145,latin,Geneva,16,bold,12,False
Atque sed,105,latin,Geneva,16,bold+italic,9,False
Dernier personnage accepter raison,365,latin,Geneva,16,bold+italic,34,False
Agent say forward,173,latin,Geneva,16,italic,17,False
-0.8,38,latin,Geneva,16,italic,4,False
112.791430,114,latin,Geneva,16,normal,10,False
Ryan Munoz,115,latin,Geneva,16,normal,10,False
Asperiores sunt,209,latin,Geneva,20,bold,15,False
xmin,66,latin,Geneva,20,bold,4,False
Se ne,72,latin,Geneva,20,bold+italic,5,False
-549485,100,latin,Geneva,20,bold+italic,7,False
Été,41,latin,Geneva,20,italic,3,False
Temporibus molestias,266,latin,Geneva,20,italic,20,False
Score provide hair,220,latin,Geneva,20,normal,18,False
0.40000000000000013,278,latin,Geneva,20,normal,19,False
-420.62531949581023,143,latin,Georgia,9,bold,19,False
Goût crier matière prouver,179,latin,Georgia,9,bold,26,False
Authority increase picture create,211,latin,Georgia,9,bold+italic,33,False
-739218,50,latin,Georgia,9,bold+italic,7,False
Empire,41,latin,Georgia,9,italic,6,False
Ab rem,41,latin,Georgia,9,italic,6,False
4,8,latin,Georgia,9,normal,1,False
-4,12,latin,Georgia,9,normal,2,False
914.9441381358347,150,latin,Georgia,11,bold,17,False
-808856,65,latin,Georgia,11,bold,7,False
Miser direction neuf,160,latin,Georgia,11,bold+italic,20,False
0.0,27,latin,Georgia,11,bold+italic,3,False
Rock finish paper,118,latin,Georgia,11,italic,17,False
-8,14,latin,Georgia,11,italic,2,False
311929,46,latin,Georgia,11,normal,6,False
-117533,52,latin,Georgia,11,normal,7,False
Figure voyager malgré,184,latin,Georgia,12,bold,21,False
-0.9,32,latin,Georgia,12,bold,4,False
-572.3503757387829,169,latin,Georgia,12,bold+italic,18,False
Daniel Wagner,128,latin,Georgia,12,bold+italic,13,False
-466152,60,latin,Georgia,12,italic,7,False
Fuga,38,latin,Georgia,12,italic,4,False
-790.4077912602605,155,latin,Georgia,12,normal,18,False
6,9,latin,Georgia,12,normal,1,False
49.512863264475754,203,latin,Georgia,14,bold,18,False
Fuga culpa,107,latin,Georgia,14,bold,10,False
Nommer,89,latin,Georgia,14,bold+italic,6,False
Voluptates nisi veniam tempora,316,latin,Georgia,14,bold+italic,30,False
weight,61,latin,Georgia,14,italic,6,False
Reduce raise,111,latin,Georgia,14,italic,12,False
4,11,latin,Georgia,14,normal,1,False
0.8,28,latin,Georgia,14,normal,3,False
Shake bill,107,latin,Georgia,16,bold,10,False
Delectus,93,latin,Georgia,16,bold,8,False
Voluptate fugiat,181,latin,Georgia,16,bold+italic,16,False
Alba Mar Flor Rivas,223,latin,Georgia,16,bold+italic,19,False
Present music address behavior,301,latin,Georgia,16,italic,30,False
Molestias tempore quia labore,286,latin,Georgia,16,italic,29,False
Quod minus a,130,latin,Georgia,16,normal,12,False
Angie Henderson,160,latin,Georgia,16,normal,15,False
Quite others his,221,latin,Georgia,20,bold,16,False
Nostrum quaerat magnam rerum,462,latin,Georgia,20,bold,28,False
-0.19999999999999996,339,latin,Georgia,20,bold+italic,20,False
Bas jour autant,225,latin,Georgia,20,bold+italic,15,False
Magnifique parcourir dormir avec,423,latin,Georgia,20,italic,32,False
Consectetur,145,latin,Georgia,20,italic,11,False
-5,24,latin,Georgia,20,normal,2,False
-768.0985770041111,249,latin,Georgia,20,normal,18,False
Illo excepturi similique dolorum,177,latin,Helvetica,9,bold,32,False
Exercitationem,86,latin,Helvetica,9,bold,14,False
Victime conclure vent,126,latin,Helvetica,9,bold+italic,21,False
-1.0,22,latin,Helvetica,9,bold+italic,4,False
Blanc sept,58,latin,Helvetica,9,italic,10,False
-11790,40,latin,Helvetica,9,italic,6,False
Souhaiter souffrance,114,latin,Helvetica,9,normal,20,False
Inviter mentir discussion sommet,183,latin,Helvetica,9,normal,32,False
Santiago Vicente,119,latin,Helvetica,11,bold,16,False
-808856,53,latin,Helvetica,11,bold,7,False
Esse,34,latin,Helvetica,11,bold+italic,4,False
-633.1909802931324,138,latin,Helvetica,11,bold+italic,18,False
0.10000000000000009,148,latin,Helvetica,11,italic,19,False
5,9,latin,Helvetica,11,italic,1,False
2,8,latin,Helvetica,11,normal,1,False
Sur fort danger,97,latin,Helvetica,11,normal,15,False
Neque provident,127,latin,Helvetica,12,bold,15,False
-1.0,27,latin,Helvetica,12,bold,4,False
-0.6,27,latin,Helvetica,12,bold+italic,4,False
Voluptas similique accusamus,228,latin,Helvetica,12,bold+italic,28,False
Excepturi at,85,latin,Helvetica,12,italic,12,False
width,35,latin,Helvetica,12,italic,5,False
Consequuntur,96,latin,Helvetica,12,normal,12,False
416.145155592091,139,latin,Helvetica,12,normal,16,False
0.30000000000000004,203,latin,Helvetica,14,bold,19,False
-6,17,latin,Helvetica,14,bold,2,False
0.40000000000000013,203,latin,Helvetica,14,bold+italic,19,False
-105.086147,111,latin,Helvetica,14,bold+italic,11,False
Aut,32,latin,Helvetica,14,italic,3,False
shape,54,latin,Helvetica,14,italic,5,False
Vêtement naître médecin quitter,270,latin,Helvetica,14,normal,31,False
-832861,72,latin,Helvetica,14,normal,7,False
-3,19,latin,Helvetica,16,bold,2,False
Íris Freitas,105,latin,Helvetica,16,bold,12,False
Corrupti quis molestiae,239,latin,Helvetica,16,bold+italic,23,False
Absolu rejoindre,169,latin,Helvetica,16,bold+italic,16,False
Propre coeur,126,latin,Helvetica,16,italic,12,False
-798021,79,latin,Helvetica,16,italic,7,False
Debitis totam sit,151,latin,Helvetica,16,normal,17,False
Ouvrage situation,165,latin,Helvetica,16,normal,17,False
-466152,99,latin,Helvetica,20,bold,7,False
Enim aspernatur,219,latin,Helvetica,20,bold,15,False
Angie Henderson,221,latin,Helvetica,20,bold+italic,15,False
Anyone eat summer lead,322,latin,Helvetica,20,bold+italic,22,False
292.8211248067869,248,latin,Helvetica,20,italic,17,False
Résistance,136,latin,Helvetica,20,italic,10,False
Illo excepturi similique dolorum,370,latin,Helvetica,20,normal,32,False
Understand Mrs rest,248,latin,Helvetica,20,normal,19,False
0.6000000000000001,144,latin,Lucida Console,9,bold,18,True
Drive note bad,112,latin,Lucida Console,9,bold,14,True
901.4286128198323,138,latin,Lucida Console,9,bold+italic,17,True
-124.973324,90,latin,Lucida Console,9,bold+italic,11,True
height,43,latin,Lucida Console,9,italic,6,True
Larissa Domingues-Melo,155,latin,Lucida Console,9,italic,22,True
-738499,49,latin,Lucida Console,9,normal,7,True
484471,42,latin,Lucida Console,9,normal,6,True
Quis quisquam consectetur,250,latin,Lucida Console,11,bold,25,True
Plutôt tache ou élément,230,latin,Lucida Console,11,bold,23,True
-615015,73,latin,Lucida Console,11,bold+italic,7,True
0.6000000000000001,181,latin,Lucida Console,11,bold+italic,18,True
Individual,91,latin,Lucida Console,11,italic,10,True
Velit soluta et,137,latin,Lucida Console,11,italic,15,True
0.30000000000000004,171,latin,Lucida Console,11,normal,19,True
Ab rem,54,latin,Lucida Console,11,normal,6,True
981.4433695156001,187,latin,Lucida Console,12,bold,17,True
Haute,55,latin,Lucida Console,12,bold,5,True
Auteur pied épaule,200,latin,Lucida Console,12,bold+italic,18,True
-673.3511035834665,201,latin,Lucida Console,12,bold+italic,18,True
-5,22,latin,Lucida Console,12,italic,2,True
Sentir beaux,122,latin,Lucida Console,12,italic,12,True
-0.5,40,latin,Lucida Console,12,normal,4,True
xmax,40,latin,Lucida Console,12,normal,4,True
-636.3500655857988,216,latin,Lucida Console,14,bold,18,True
Quae,48,latin,Lucida Console,14,bold,4,True
-0.8,51,latin,Lucida Console,14,bold+italic,4,True
0,15,latin,Lucida Console,14,bold+italic,1,True
Aurore Maury-Briand,213,latin,Lucida Console,14,italic,19,True
color,57,latin,Lucida Console,14,italic,5,True
size,44,latin,Lucida Console,14,normal,4,True
Benedita Pinho-Martins,242,latin,Lucida Console,14,normal,22,True
-0.19999999999999996,280,latin,Lucida Console,16,bold,20,True
-0.29999999999999993,280,latin,Lucida Console,16,bold,20,True
-688.0109593275947,256,latin,Lucida Console,16,bold+italic,18,True
715849,87,latin,Lucida Console,16,bold+italic,6,True
520169,80,latin,Lucida Console,16,italic,6,True
Individual,131,latin,Lucida Console,16,italic,10,True
-345.72188837772046,247,latin,Lucida Console,16,normal,19,True
Regretter briller grâce composer,416,latin,Lucida Console,16,normal,32,True
-290119,119,latin,Lucida Console,20,bold,7,True
Consequuntur,204,latin,Lucida Console,20,bold,12,True
Laborum distinctio id animi,461,latin,Lucida Console,20,bold+italic,27,True
Façon fatigue,224,latin,Lucida Console,20,bold+italic,13,True
3,20,latin,Lucida Console,20,italic,1,True
Visite,98,latin,Lucida Console,20,italic,6,True
Voluptas similique accusamus,448,latin,Lucida Console,20,normal,28,True
-0.09999999999999998,320,latin,Lucida Console,20,normal,20,True
-1.0,21,latin,Lucida Grande,9,bold,4,False
A quo,32,latin,Lucida Grande,9,bold,5,False
President position art rock,152,latin,Lucida Grande,9,bold+italic,27,False
Method everything magazine much,200,latin,Lucida Grande,9,bold+italic,31,False
8,8,latin,Lucida Grande,9,italic,1,False
Velit soluta et,74,latin,Lucida Grande,9,italic,15,False
-437.10539608987426,126,latin,Lucida Grande,9,normal,19,False
733.2972817984005,115,latin,Lucida Grande,9,normal,17,False
121056,48,latin,Lucida Grande,11,bold,6,False
Unde modi quaerat,134,latin,Lucida Grande,11,bold,17,False
Red information,114,latin,Lucida Grande,11,bold+italic,15,False
7,9,latin,Lucida Grande,11,bold+italic,1,False
Sur fort danger,99,latin,Lucida Grande,11,italic,15,False
0.5,21,latin,Lucida Grande,11,italic,3,False
Est tempore recusandae,161,latin,Lucida Grande,11,normal,22,False
712.3640971912489,132,latin,Lucida Grande,11,normal,17,False
Aimer convenir environ,177,latin,Lucida Grande,12,bold,22,False
Incidunt eius,98,latin,Lucida Grande,12,bold,13,False
Odio ea,57,latin,Lucida Grande,12,bold+italic,7,False
Laborum distinctio id animi,205,latin,Lucida Grande,12,bold+italic,27,False
Your you,65,latin,Lucida Grande,12,italic,8,False
0,10,latin,Lucida Grande,12,italic,1,False
763.6485623129954,148,latin,Lucida Grande,12,normal,17,False
Incidunt ab,74,latin,Lucida Grande,12,normal,11,False
-886.2301266976964,187,latin,Lucida Grande,14,bold,18,False
All,23,latin,Lucida Grande,14,bold,3,False
Angie Henderson,163,latin,Lucida Grande,14,bold+italic,15,False
Fugit voluptatibus,170,latin,Lucida Grande,14,bold+italic,18,False
7,12,latin,Lucida Grande,14,italic,1,False
Impact I fast camera,176,latin,Lucida Grande,14,italic,20,False
-738499,72,latin,Lucida Grande,14,normal,7,False
Deserunt,77,latin,Lucida Grande,14,normal,8,False
404946,72,latin,Lucida Grande,16,bold,6,False
-3,19,latin,Lucida Grande,16,bold,2,False
10,25,latin,Lucida Grande,16,bold+italic,2,False
Consectetur,126,latin,Lucida Grande,16,bold+italic,11,False
0.7000000000000002,210,latin,Lucida Grande,16,italic,18,False
0.40000000000000013,222,latin,Lucida Grande,16,italic,19,False
Façon fatigue,128,latin,Lucida Grande,16,normal,13,False
Angie Henderson,159,latin,Lucida Grande,16,normal,15,False
404946,90,latin,Lucida Grande,20,bold,6,False
Quite others his,210,latin,Lucida Grande,20,bold,16,False
Alias,63,latin,Lucida Grande,20,bold+italic,5,False
Jacobo del Agudo,230,latin,Lucida Grande,20,bold+italic,16,False
Or prix ligne sauvage,257,latin,Lucida Grande,20,italic,21,False
-0.5,48,latin,Lucida Grande,20,italic,4,False
-805151,99,latin,Lucida Grande,20,normal,7,False
6,15,latin,Lucida Grande,20,normal,1,False
Bon,23,latin,Rockwell,9,bold,3,False
xmax,33,latin,Rockwell,9,bold,4,False
Or prix ligne sauvage,122,latin,Rockwell,9,bold+italic,21,False
Interesting compare when military,201,latin,Rockwell,9,bold+italic,33,False
379901,36,latin,Rockwell,9,italic,6,False
Doute,35,latin,Rockwell,9,italic,5,False
Nulla similique,80,latin,Rockwell,9,normal,15,False
Corporis consectetur,119,latin,Rockwell,9,normal,20,False
Sunt illo nulla,100,latin,Rockwell,11,bold,15,False
Nommer,67,latin,Rockwell,11,bold,6,False
Quisquam,75,latin,Rockwell,11,bold+italic,8,False
0.10000000000000009,150,latin,Rockwell,11,bold+italic,19,False
Ten whom evidence,133,latin,Rockwell,11,italic,17,False
Neque omnis iure ipsam,161,latin,Rockwell,11,italic,22,False
-808856,53,latin,Rockwell,11,normal,7,False
-455634,53,latin,Rockwell,11,normal,7,False
Reculer,62,latin,Rockwell,12,bold,7,False
Conclure tendre sombre,191,latin,Rockwell,12,bold,22,False
886.70144080879,132,latin,Rockwell,12,bold+italic,15,False
-738499,61,latin,Rockwell,12,bold+italic,7,False
Couper endroit vous pendant,214,latin,Rockwell,12,italic,27,False
0.8,23,latin,Rockwell,12,italic,3,False
Assez neuf lier seulement,184,latin,Rockwell,12,normal,25,False
Inviter service autre garde,197,latin,Rockwell,12,normal,27,False
-739218,67,latin,Rockwell,14,bold,7,False
Rock finish paper,168,latin,Rockwell,14,bold,17,False
Anyone eat summer lead,223,latin,Rockwell,14,bold+italic,22,False
379824,60,latin,Rockwell,14,bold+italic,6,False
2,10,latin,Rockwell,14,italic,1,False
763.6485623129954,165,latin,Rockwell,14,italic,17,False
Juger tant,86,latin,Rockwell,14,normal,10,False
Alexandre Traore,156,latin,Rockwell,14,normal,16,False
Debitis totam sit,168,latin,Rockwell,16,bold,17,False
Nostrum quaerat magnam rerum,339,latin,Rockwell,16,bold,28,False
linetype,83,latin,Rockwell,16,bold+italic,8,False
-154436,74,latin,Rockwell,16,bold+italic,7,False
Ciel veiller avis conseil,218,latin,Rockwell,16,italic,25,False
Souhaiter souffrance,194,latin,Rockwell,16,italic,20,False
-845.4208678416546,189,latin,Rockwell,16,normal,18,False
Beat,41,latin,Rockwell,16,normal,4,False
Victor du Vasseur,236,latin,Rockwell,20,bold,17,False
Magnifique parcourir dormir avec,458,latin,Rockwell,20,bold,32,False
2,15,latin,Rockwell,20,bold+italic,1,False
Soraya Núñez Lamas,266,latin,Rockwell,20,bold+italic,18,False
Voir nous tu suffire,230,latin,Rockwell,20,italic,20,False
Animi nesciunt magnam sequi,368,latin,Rockwell,20,italic,27,False
Incidunt distinctio molestiae quas,410,latin,Rockwell,20,normal,34,False
5,15,latin,Rockwell,20,normal,1,False
521954,36,latin,Times New Roman,9,bold,6,False
-733.2180716280234,103,latin,Times New Roman,9,bold,18,False
Fugit voluptatibus,94,latin,Times New Roman,9,bold+italic,18,False
Floor music catch discuss,128,latin,Times New Roman,9,bold+italic,25,False
-2,10,latin,Times New Roman,9,italic,2,False
Ducimus provident a,103,latin,Times New Roman,9,italic,19,False
Sentir beaux,58,latin,Times New Roman,9,normal,12,False
Odio ea,37,latin,Times New Roman,9,normal,7,False
8,8,latin,Times New Roman,11,bold,1,False
Et,15,latin,Times New Roman,11,bold,2,False
A quo,39,latin,Times New Roman,11,bold+italic,5,False
Inviter service autre garde,169,latin,Times New Roman,11,bold+italic,27,False
Est tempore recusandae,151,latin,Times New Roman,11,italic,22,False
Quo autem incidunt debitis,168,latin,Times New Roman,11,italic,26,False
818574,42,latin,Times New Roman,11,normal,6,False
Molestias dolore,96,latin,Times New Roman,11,normal,16,False
-687.9627191151269,137,latin,Times New Roman,12,bold,18,False
811967,48,latin,Times New Roman,12,bold,6,False
Dog,30,latin,Times New Roman,12,bold+italic,3,False
Top somebody college be,164,latin,Times New Roman,12,bold+italic,23,False
939.8197043239886,133,latin,Times New Roman,12,italic,17,False
Error est illum illo,119,latin,Times New Roman,12,italic,20,False
Haut l'une casser de,121,latin,Times New Roman,12,normal,20,False
Au froid meilleur gauche,146,latin,Times New Roman,12,normal,24,False
Résistance,88,latin,Times New Roman,14,bold,10,False
Quo autem incidunt debitis,218,latin,Times New Roman,14,bold,26,False
-0.5,31,latin,Times New Roman,14,bold+italic,4,False
Laborum distinctio id animi,229,latin,Times New Roman,14,bold+italic,27,False
Voluptas similique accusamus,231,latin,Times New Roman,14,italic,28,False
Aperiam illum molestiae impedit,250,latin,Times New Roman,14,italic,31,False
1988-09-18,84,latin,Times New Roman,14,normal,10,False
5,9,latin,Times New Roman,14,normal,1,False
Asperiores distinctio,179,latin,Times New Roman,16,bold,21,False
6,11,latin,Times New Roman,16,bold,1,False
Catch,52,latin,Times New Roman,16,bold+italic,5,False
Voluptates nisi veniam tempora,274,latin,Times New Roman,16,bold+italic,30,False
Quod minus a,121,latin,Times New Roman,16,italic,12,False
-10,29,latin,Times New Roman,16,italic,3,False
9,11,latin,Times New Roman,16,normal,1,False
Jacobo del Agudo,149,latin,Times New Roman,16,normal,16,False
1,14,latin,Times New Roman,20,bold,1,False
Gabriel de Guilbert,231,latin,Times New Roman,20,bold,19,False
Propre plein vivant bleu,276,latin,Times New Roman,20,bold+italic,24,False
Odit id voluptatem,212,latin,Times New Roman,20,bold+italic,18,False
2020-02-13,130,latin,Times New Roman,20,italic,10,False
513649,84,latin,Times New Roman,20,italic,6,False
-0.3999999999999999,254,latin,Times New Roman,20,normal,19,False
Quite others his,172,latin,Times New Roman,20,normal,16,False
Into act,51,latin,Verdana,9,bold,8,False
Culpa vero aspernatur delectus,206,latin,Verdana,9,bold,30,False
9,9,latin,Verdana,9,bold+italic,1,False
Longtemps fin muet,138,latin,Verdana,9,bold+italic,18,False
-212.44089782349727,146,latin,Verdana,9,italic,19,False
-3,13,latin,Verdana,9,italic,2,False
Soraya Núñez Lamas,133,latin,Verdana,9,normal,18,False
81.6448255,76,latin,Verdana,9,normal,10,False
Worry,50,latin,Verdana,11,bold,5,False
914.9441381358347,181,latin,Verdana,11,bold,17,False
-181.85478027820272,200,latin,Verdana,11,bold+italic,19,False
8,11,latin,Verdana,11,bold+italic,1,False
Aut,27,latin,Verdana,11,italic,3,False
-451611,67,latin,Verdana,11,italic,7,False
Albano Llopis Hierro,146,latin,Verdana,11,normal,20,False
-0.29999999999999993,192,latin,Verdana,11,normal,20,False
-6,19,latin,Verdana,12,bold,2,False
-575.3217786434477,190,latin,Verdana,12,bold,18,False
Noah Rhodes,116,latin,Verdana,12,bold+italic,11,False
850444,66,latin,Verdana,12,bold+italic,6,False
-564.2022613069516,173,latin,Verdana,12,italic,18,False
Gina Moore,92,latin,Verdana,12,italic,10,False
132445,60,latin,Verdana,12,normal,6,False
Everyone democratic,169,latin,Verdana,12,normal,19,False
Aurore Maury-Briand,225,latin,Verdana,14,bold,19,False
Inviter mentir discussion sommet,365,latin,Verdana,14,bold,32,False
Connie Lawrence,186,latin,Verdana,14,bold+italic,15,False
Printemps courant,201,latin,Verdana,14,bold+italic,17,False
-7,22,latin,Verdana,14,italic,2,False
-54.384060489029366,220,latin,Verdana,14,italic,19,False
Age cover foreign,170,latin,Verdana,14,normal,17,False
0.30000000000000004,223,latin,Verdana,14,normal,19,False
-469909,100,latin,Verdana,16,bold,7,False
686.4493884594092,248,latin,Verdana,16,bold,17,False
Consectetur,142,latin,Verdana,16,bold+italic,11,False
686.4493884594092,248,latin,Verdana,16,bold+italic,17,False
Figure voyager malgré,239,latin,Verdana,16,italic,21,False
0.10000000000000009,242,latin,Verdana,16,italic,19,False
Résistance,114,latin,Verdana,16,normal,10,False
1,13,latin,Verdana,16,normal,1,False
-1.0,61,latin,Verdana,20,bold,4,False
-0.9,61,latin,Verdana,20,bold,4,False
0,19,latin,Verdana,20,bold+italic,1,False
Puis,64,latin,Verdana,20,bold+italic,4,False
Tenetur,108,latin,Verdana,20,italic,7,False
-6,29,latin,Verdana,20,italic,2,False
Odit id voluptatem,253,latin,Verdana,20,normal,18,False
-181.85478027820272,311,latin,Verdana,20,normal,19,False
